resources/fotos/260/6.pgm;260
resources/fotos/260/1.pgm;260
resources/fotos/260/3.pgm;260
resources/fotos/260/7.pgm;260
resources/fotos/260/4.pgm;260
resources/fotos/260/2.pgm;260
resources/fotos/260/5.pgm;260
resources/fotos/260/10.pgm;260
resources/fotos/260/8.pgm;260
resources/fotos/260/9.pgm;260
resources/fotos/160/6.pgm;160
resources/fotos/160/1.pgm;160
resources/fotos/160/3.pgm;160
resources/fotos/160/7.pgm;160
resources/fotos/160/4.pgm;160
resources/fotos/160/2.pgm;160
resources/fotos/160/5.pgm;160
resources/fotos/160/10.pgm;160
resources/fotos/160/8.pgm;160
resources/fotos/160/9.pgm;160
resources/fotos/270/6.pgm;270
resources/fotos/270/1.pgm;270
resources/fotos/270/3.pgm;270
resources/fotos/270/7.pgm;270
resources/fotos/270/4.pgm;270
resources/fotos/270/2.pgm;270
resources/fotos/270/5.pgm;270
resources/fotos/270/10.pgm;270
resources/fotos/270/8.pgm;270
resources/fotos/270/9.pgm;270
resources/fotos/170/6.pgm;170
resources/fotos/170/1.pgm;170
resources/fotos/170/3.pgm;170
resources/fotos/170/7.pgm;170
resources/fotos/170/4.pgm;170
resources/fotos/170/2.pgm;170
resources/fotos/170/5.pgm;170
resources/fotos/170/10.pgm;170
resources/fotos/170/8.pgm;170
resources/fotos/170/9.pgm;170
resources/fotos/250/6.pgm;250
resources/fotos/250/1.pgm;250
resources/fotos/250/3.pgm;250
resources/fotos/250/7.pgm;250
resources/fotos/250/4.pgm;250
resources/fotos/250/2.pgm;250
resources/fotos/250/5.pgm;250
resources/fotos/250/10.pgm;250
resources/fotos/250/8.pgm;250
resources/fotos/250/9.pgm;250
resources/fotos/007/3-foto.png;007
resources/fotos/007/5-foto.png;007
resources/fotos/007/8-foto.png;007
resources/fotos/007/4-foto.png;007
resources/fotos/007/1-foto.png;007
resources/fotos/007/6-foto.png;007
resources/fotos/007/7-foto.png;007
resources/fotos/007/0-foto.png;007
resources/fotos/007/2-foto.png;007
resources/fotos/007/9-foto.png;007
resources/fotos/160148880/3-foto.png;160148880
resources/fotos/160148880/5-foto.png;160148880
resources/fotos/160148880/8-foto.png;160148880
resources/fotos/160148880/4-foto.png;160148880
resources/fotos/160148880/1-foto.png;160148880
resources/fotos/160148880/6-foto.png;160148880
resources/fotos/160148880/7-foto.png;160148880
resources/fotos/160148880/0-foto.png;160148880
resources/fotos/160148880/2-foto.png;160148880
resources/fotos/160148880/9-foto.png;160148880
resources/fotos/150/6.pgm;150
resources/fotos/150/1.pgm;150
resources/fotos/150/3.pgm;150
resources/fotos/150/7.pgm;150
resources/fotos/150/4.pgm;150
resources/fotos/150/2.pgm;150
resources/fotos/150/5.pgm;150
resources/fotos/150/10.pgm;150
resources/fotos/150/8.pgm;150
resources/fotos/150/9.pgm;150
