resources/fotos/300/3-foto.png;300
resources/fotos/300/5-foto.png;300
resources/fotos/300/8-foto.png;300
resources/fotos/300/4-foto.png;300
resources/fotos/300/1-foto.png;300
resources/fotos/300/6-foto.png;300
resources/fotos/300/7-foto.png;300
resources/fotos/300/0-foto.png;300
resources/fotos/300/2-foto.png;300
resources/fotos/300/9-foto.png;300
resources/fotos/200/3-foto.png;200
resources/fotos/200/5-foto.png;200
resources/fotos/200/8-foto.png;200
resources/fotos/200/4-foto.png;200
resources/fotos/200/1-foto.png;200
resources/fotos/200/6-foto.png;200
resources/fotos/200/7-foto.png;200
resources/fotos/200/0-foto.png;200
resources/fotos/200/2-foto.png;200
resources/fotos/456/3-foto.png;456
resources/fotos/456/5-foto.png;456
resources/fotos/456/8-foto.png;456
resources/fotos/456/4-foto.png;456
resources/fotos/456/1-foto.png;456
resources/fotos/456/6-foto.png;456
resources/fotos/456/7-foto.png;456
resources/fotos/456/0-foto.png;456
resources/fotos/456/2-foto.png;456
resources/fotos/456/9-foto.png;456
resources/fotos/786/3-foto.png;786
resources/fotos/786/5-foto.png;786
resources/fotos/786/8-foto.png;786
resources/fotos/786/4-foto.png;786
resources/fotos/786/1-foto.png;786
resources/fotos/786/6-foto.png;786
resources/fotos/786/7-foto.png;786
resources/fotos/786/0-foto.png;786
resources/fotos/786/2-foto.png;786
resources/fotos/786/9-foto.png;786
resources/fotos/159/3-foto.png;159
resources/fotos/159/5-foto.png;159
resources/fotos/159/8-foto.png;159
resources/fotos/159/4-foto.png;159
resources/fotos/159/1-foto.png;159
resources/fotos/159/6-foto.png;159
resources/fotos/159/7-foto.png;159
resources/fotos/159/0-foto.png;159
resources/fotos/159/2-foto.png;159
resources/fotos/159/9-foto.png;159
resources/fotos/100/3-foto.png;100
resources/fotos/100/5-foto.png;100
resources/fotos/100/8-foto.png;100
resources/fotos/100/4-foto.png;100
resources/fotos/100/1-foto.png;100
resources/fotos/100/6-foto.png;100
resources/fotos/100/7-foto.png;100
resources/fotos/100/0-foto.png;100
resources/fotos/100/2-foto.png;100
resources/fotos/100/9-foto.png;100
resources/fotos/555/3-foto.png;555
resources/fotos/555/5-foto.png;555
resources/fotos/555/8-foto.png;555
resources/fotos/555/4-foto.png;555
resources/fotos/555/1-foto.png;555
resources/fotos/555/6-foto.png;555
resources/fotos/555/7-foto.png;555
resources/fotos/555/0-foto.png;555
resources/fotos/555/2-foto.png;555
resources/fotos/555/9-foto.png;555
