resources/fotos/s22/6.pgm;0
resources/fotos/s22/1.pgm;0
resources/fotos/s22/3.pgm;0
resources/fotos/s22/7.pgm;0
resources/fotos/s22/4.pgm;0
resources/fotos/s22/2.pgm;0
resources/fotos/s22/5.pgm;0
resources/fotos/s22/10.pgm;0
resources/fotos/s22/8.pgm;0
resources/fotos/s22/9.pgm;0
resources/fotos/s37/6.pgm;1
resources/fotos/s37/1.pgm;1
resources/fotos/s37/3.pgm;1
resources/fotos/s37/7.pgm;1
resources/fotos/s37/4.pgm;1
resources/fotos/s37/2.pgm;1
resources/fotos/s37/5.pgm;1
resources/fotos/s37/10.pgm;1
resources/fotos/s37/8.pgm;1
resources/fotos/s37/9.pgm;1
resources/fotos/s18/6.pgm;2
resources/fotos/s18/1.pgm;2
resources/fotos/s18/3.pgm;2
resources/fotos/s18/7.pgm;2
resources/fotos/s18/4.pgm;2
resources/fotos/s18/2.pgm;2
resources/fotos/s18/5.pgm;2
resources/fotos/s18/10.pgm;2
resources/fotos/s18/8.pgm;2
resources/fotos/s18/9.pgm;2
resources/fotos/s21/6.pgm;3
resources/fotos/s21/1.pgm;3
resources/fotos/s21/3.pgm;3
resources/fotos/s21/7.pgm;3
resources/fotos/s21/4.pgm;3
resources/fotos/s21/2.pgm;3
resources/fotos/s21/5.pgm;3
resources/fotos/s21/10.pgm;3
resources/fotos/s21/8.pgm;3
resources/fotos/s21/9.pgm;3
resources/fotos/s36/6.pgm;4
resources/fotos/s36/1.pgm;4
resources/fotos/s36/3.pgm;4
resources/fotos/s36/7.pgm;4
resources/fotos/s36/4.pgm;4
resources/fotos/s36/2.pgm;4
resources/fotos/s36/5.pgm;4
resources/fotos/s36/10.pgm;4
resources/fotos/s36/8.pgm;4
resources/fotos/s36/9.pgm;4
resources/fotos/s3/6.pgm;5
resources/fotos/s3/1.pgm;5
resources/fotos/s3/3.pgm;5
resources/fotos/s3/7.pgm;5
resources/fotos/s3/4.pgm;5
resources/fotos/s3/2.pgm;5
resources/fotos/s3/5.pgm;5
resources/fotos/s3/10.pgm;5
resources/fotos/s3/8.pgm;5
resources/fotos/s3/9.pgm;5
resources/fotos/s24/6.pgm;6
resources/fotos/s24/1.pgm;6
resources/fotos/s24/3.pgm;6
resources/fotos/s24/7.pgm;6
resources/fotos/s24/4.pgm;6
resources/fotos/s24/2.pgm;6
resources/fotos/s24/5.pgm;6
resources/fotos/s24/10.pgm;6
resources/fotos/s24/8.pgm;6
resources/fotos/s24/9.pgm;6
resources/fotos/s4/6.pgm;7
resources/fotos/s4/1.pgm;7
resources/fotos/s4/3.pgm;7
resources/fotos/s4/7.pgm;7
resources/fotos/s4/4.pgm;7
resources/fotos/s4/2.pgm;7
resources/fotos/s4/5.pgm;7
resources/fotos/s4/10.pgm;7
resources/fotos/s4/8.pgm;7
resources/fotos/s4/9.pgm;7
resources/fotos/s13/6.pgm;8
resources/fotos/s13/1.pgm;8
resources/fotos/s13/3.pgm;8
resources/fotos/s13/7.pgm;8
resources/fotos/s13/4.pgm;8
resources/fotos/s13/2.pgm;8
resources/fotos/s13/5.pgm;8
resources/fotos/s13/10.pgm;8
resources/fotos/s13/8.pgm;8
resources/fotos/s13/9.pgm;8
resources/fotos/s15/6.pgm;9
resources/fotos/s15/1.pgm;9
resources/fotos/s15/3.pgm;9
resources/fotos/s15/7.pgm;9
resources/fotos/s15/4.pgm;9
resources/fotos/s15/2.pgm;9
resources/fotos/s15/5.pgm;9
resources/fotos/s15/10.pgm;9
resources/fotos/s15/8.pgm;9
resources/fotos/s15/9.pgm;9
resources/fotos/s23/6.pgm;10
resources/fotos/s23/1.pgm;10
resources/fotos/s23/3.pgm;10
resources/fotos/s23/7.pgm;10
resources/fotos/s23/4.pgm;10
resources/fotos/s23/2.pgm;10
resources/fotos/s23/5.pgm;10
resources/fotos/s23/10.pgm;10
resources/fotos/s23/8.pgm;10
resources/fotos/s23/9.pgm;10
resources/fotos/s14/6.pgm;11
resources/fotos/s14/1.pgm;11
resources/fotos/s14/3.pgm;11
resources/fotos/s14/7.pgm;11
resources/fotos/s14/4.pgm;11
resources/fotos/s14/2.pgm;11
resources/fotos/s14/5.pgm;11
resources/fotos/s14/10.pgm;11
resources/fotos/s14/8.pgm;11
resources/fotos/s14/9.pgm;11
resources/fotos/s12/6.pgm;12
resources/fotos/s12/1.pgm;12
resources/fotos/s12/3.pgm;12
resources/fotos/s12/7.pgm;12
resources/fotos/s12/4.pgm;12
resources/fotos/s12/2.pgm;12
resources/fotos/s12/5.pgm;12
resources/fotos/s12/10.pgm;12
resources/fotos/s12/8.pgm;12
resources/fotos/s12/9.pgm;12
resources/fotos/s8/6.pgm;13
resources/fotos/s8/1.pgm;13
resources/fotos/s8/3.pgm;13
resources/fotos/s8/7.pgm;13
resources/fotos/s8/4.pgm;13
resources/fotos/s8/2.pgm;13
resources/fotos/s8/5.pgm;13
resources/fotos/s8/10.pgm;13
resources/fotos/s8/8.pgm;13
resources/fotos/s8/9.pgm;13
resources/fotos/s33/6.pgm;14
resources/fotos/s33/1.pgm;14
resources/fotos/s33/3.pgm;14
resources/fotos/s33/7.pgm;14
resources/fotos/s33/4.pgm;14
resources/fotos/s33/2.pgm;14
resources/fotos/s33/5.pgm;14
resources/fotos/s33/10.pgm;14
resources/fotos/s33/8.pgm;14
resources/fotos/s33/9.pgm;14
resources/fotos/s11/6.pgm;15
resources/fotos/s11/1.pgm;15
resources/fotos/s11/3.pgm;15
resources/fotos/s11/7.pgm;15
resources/fotos/s11/4.pgm;15
resources/fotos/s11/2.pgm;15
resources/fotos/s11/5.pgm;15
resources/fotos/s11/10.pgm;15
resources/fotos/s11/8.pgm;15
resources/fotos/s11/9.pgm;15
resources/fotos/s30/6.pgm;16
resources/fotos/s30/1.pgm;16
resources/fotos/s30/3.pgm;16
resources/fotos/s30/7.pgm;16
resources/fotos/s30/4.pgm;16
resources/fotos/s30/2.pgm;16
resources/fotos/s30/5.pgm;16
resources/fotos/s30/10.pgm;16
resources/fotos/s30/8.pgm;16
resources/fotos/s30/9.pgm;16
resources/fotos/s26/6.pgm;17
resources/fotos/s26/1.pgm;17
resources/fotos/s26/3.pgm;17
resources/fotos/s26/7.pgm;17
resources/fotos/s26/4.pgm;17
resources/fotos/s26/2.pgm;17
resources/fotos/s26/5.pgm;17
resources/fotos/s26/10.pgm;17
resources/fotos/s26/8.pgm;17
resources/fotos/s26/9.pgm;17
resources/fotos/s7/6.pgm;18
resources/fotos/s7/1.pgm;18
resources/fotos/s7/3.pgm;18
resources/fotos/s7/7.pgm;18
resources/fotos/s7/4.pgm;18
resources/fotos/s7/2.pgm;18
resources/fotos/s7/5.pgm;18
resources/fotos/s7/10.pgm;18
resources/fotos/s7/8.pgm;18
resources/fotos/s7/9.pgm;18
resources/fotos/s25/6.pgm;19
resources/fotos/s25/1.pgm;19
resources/fotos/s25/3.pgm;19
resources/fotos/s25/7.pgm;19
resources/fotos/s25/4.pgm;19
resources/fotos/s25/2.pgm;19
resources/fotos/s25/5.pgm;19
resources/fotos/s25/10.pgm;19
resources/fotos/s25/8.pgm;19
resources/fotos/s25/9.pgm;19
resources/fotos/s28/6.pgm;20
resources/fotos/s28/1.pgm;20
resources/fotos/s28/3.pgm;20
resources/fotos/s28/7.pgm;20
resources/fotos/s28/4.pgm;20
resources/fotos/s28/2.pgm;20
resources/fotos/s28/5.pgm;20
resources/fotos/s28/10.pgm;20
resources/fotos/s28/8.pgm;20
resources/fotos/s28/9.pgm;20
resources/fotos/s39/6.pgm;21
resources/fotos/s39/1.pgm;21
resources/fotos/s39/3.pgm;21
resources/fotos/s39/7.pgm;21
resources/fotos/s39/4.pgm;21
resources/fotos/s39/2.pgm;21
resources/fotos/s39/5.pgm;21
resources/fotos/s39/10.pgm;21
resources/fotos/s39/8.pgm;21
resources/fotos/s39/9.pgm;21
resources/fotos/s27/6.pgm;22
resources/fotos/s27/1.pgm;22
resources/fotos/s27/3.pgm;22
resources/fotos/s27/7.pgm;22
resources/fotos/s27/4.pgm;22
resources/fotos/s27/2.pgm;22
resources/fotos/s27/5.pgm;22
resources/fotos/s27/10.pgm;22
resources/fotos/s27/8.pgm;22
resources/fotos/s27/9.pgm;22
resources/fotos/s19/6.pgm;23
resources/fotos/s19/1.pgm;23
resources/fotos/s19/3.pgm;23
resources/fotos/s19/7.pgm;23
resources/fotos/s19/4.pgm;23
resources/fotos/s19/2.pgm;23
resources/fotos/s19/5.pgm;23
resources/fotos/s19/10.pgm;23
resources/fotos/s19/8.pgm;23
resources/fotos/s19/9.pgm;23
resources/fotos/s6/6.pgm;24
resources/fotos/s6/1.pgm;24
resources/fotos/s6/3.pgm;24
resources/fotos/s6/7.pgm;24
resources/fotos/s6/4.pgm;24
resources/fotos/s6/2.pgm;24
resources/fotos/s6/5.pgm;24
resources/fotos/s6/10.pgm;24
resources/fotos/s6/8.pgm;24
resources/fotos/s6/9.pgm;24
resources/fotos/1235/3-foto.png;25
resources/fotos/1235/5-foto.png;25
resources/fotos/1235/8-foto.png;25
resources/fotos/1235/4-foto.png;25
resources/fotos/1235/1-foto.png;25
resources/fotos/1235/6-foto.png;25
resources/fotos/1235/7-foto.png;25
resources/fotos/1235/0-foto.png;25
resources/fotos/1235/2-foto.png;25
resources/fotos/s2/6.pgm;26
resources/fotos/s2/1.pgm;26
resources/fotos/s2/3.pgm;26
resources/fotos/s2/7.pgm;26
resources/fotos/s2/4.pgm;26
resources/fotos/s2/2.pgm;26
resources/fotos/s2/5.pgm;26
resources/fotos/s2/10.pgm;26
resources/fotos/s2/8.pgm;26
resources/fotos/s2/9.pgm;26
resources/fotos/s20/6.pgm;27
resources/fotos/s20/1.pgm;27
resources/fotos/s20/3.pgm;27
resources/fotos/s20/7.pgm;27
resources/fotos/s20/4.pgm;27
resources/fotos/s20/2.pgm;27
resources/fotos/s20/5.pgm;27
resources/fotos/s20/10.pgm;27
resources/fotos/s20/8.pgm;27
resources/fotos/s20/9.pgm;27
resources/fotos/s16/6.pgm;28
resources/fotos/s16/1.pgm;28
resources/fotos/s16/3.pgm;28
resources/fotos/s16/7.pgm;28
resources/fotos/s16/4.pgm;28
resources/fotos/s16/2.pgm;28
resources/fotos/s16/5.pgm;28
resources/fotos/s16/10.pgm;28
resources/fotos/s16/8.pgm;28
resources/fotos/s16/9.pgm;28
resources/fotos/s31/6.pgm;29
resources/fotos/s31/1.pgm;29
resources/fotos/s31/3.pgm;29
resources/fotos/s31/7.pgm;29
resources/fotos/s31/4.pgm;29
resources/fotos/s31/2.pgm;29
resources/fotos/s31/5.pgm;29
resources/fotos/s31/10.pgm;29
resources/fotos/s31/8.pgm;29
resources/fotos/s31/9.pgm;29
resources/fotos/s17/6.pgm;30
resources/fotos/s17/1.pgm;30
resources/fotos/s17/3.pgm;30
resources/fotos/s17/7.pgm;30
resources/fotos/s17/4.pgm;30
resources/fotos/s17/2.pgm;30
resources/fotos/s17/5.pgm;30
resources/fotos/s17/10.pgm;30
resources/fotos/s17/8.pgm;30
resources/fotos/s17/9.pgm;30
resources/fotos/s40/6.pgm;31
resources/fotos/s40/1.pgm;31
resources/fotos/s40/3.pgm;31
resources/fotos/s40/7.pgm;31
resources/fotos/s40/4.pgm;31
resources/fotos/s40/2.pgm;31
resources/fotos/s40/5.pgm;31
resources/fotos/s40/10.pgm;31
resources/fotos/s40/8.pgm;31
resources/fotos/s40/9.pgm;31
resources/fotos/s35/6.pgm;32
resources/fotos/s35/1.pgm;32
resources/fotos/s35/3.pgm;32
resources/fotos/s35/7.pgm;32
resources/fotos/s35/4.pgm;32
resources/fotos/s35/2.pgm;32
resources/fotos/s35/5.pgm;32
resources/fotos/s35/10.pgm;32
resources/fotos/s35/8.pgm;32
resources/fotos/s35/9.pgm;32
resources/fotos/s34/6.pgm;33
resources/fotos/s34/1.pgm;33
resources/fotos/s34/3.pgm;33
resources/fotos/s34/7.pgm;33
resources/fotos/s34/4.pgm;33
resources/fotos/s34/2.pgm;33
resources/fotos/s34/5.pgm;33
resources/fotos/s34/10.pgm;33
resources/fotos/s34/8.pgm;33
resources/fotos/s34/9.pgm;33
resources/fotos/s9/6.pgm;34
resources/fotos/s9/1.pgm;34
resources/fotos/s9/3.pgm;34
resources/fotos/s9/7.pgm;34
resources/fotos/s9/4.pgm;34
resources/fotos/s9/2.pgm;34
resources/fotos/s9/5.pgm;34
resources/fotos/s9/10.pgm;34
resources/fotos/s9/8.pgm;34
resources/fotos/s9/9.pgm;34
resources/fotos/s29/6.pgm;35
resources/fotos/s29/1.pgm;35
resources/fotos/s29/3.pgm;35
resources/fotos/s29/7.pgm;35
resources/fotos/s29/4.pgm;35
resources/fotos/s29/2.pgm;35
resources/fotos/s29/5.pgm;35
resources/fotos/s29/10.pgm;35
resources/fotos/s29/8.pgm;35
resources/fotos/s29/9.pgm;35
resources/fotos/s10/6.pgm;36
resources/fotos/s10/1.pgm;36
resources/fotos/s10/3.pgm;36
resources/fotos/s10/7.pgm;36
resources/fotos/s10/4.pgm;36
resources/fotos/s10/2.pgm;36
resources/fotos/s10/5.pgm;36
resources/fotos/s10/10.pgm;36
resources/fotos/s10/8.pgm;36
resources/fotos/s10/9.pgm;36
resources/fotos/s41/0-alpha.png;37
resources/fotos/s41/2-alpha.png;37
resources/fotos/s41/5-alpha.png;37
resources/fotos/s41/9-alpha.png;37
resources/fotos/s41/4-alpha.png;37
resources/fotos/s41/3-alpha.png;37
resources/fotos/s41/6-alpha.png;37
resources/fotos/s41/8-alpha.png;37
resources/fotos/s41/7-alpha.png;37
resources/fotos/s41/1-alpha.png;37
resources/fotos/s5/6.pgm;38
resources/fotos/s5/1.pgm;38
resources/fotos/s5/3.pgm;38
resources/fotos/s5/7.pgm;38
resources/fotos/s5/4.pgm;38
resources/fotos/s5/2.pgm;38
resources/fotos/s5/5.pgm;38
resources/fotos/s5/10.pgm;38
resources/fotos/s5/8.pgm;38
resources/fotos/s5/9.pgm;38
resources/fotos/s32/6.pgm;39
resources/fotos/s32/1.pgm;39
resources/fotos/s32/3.pgm;39
resources/fotos/s32/7.pgm;39
resources/fotos/s32/4.pgm;39
resources/fotos/s32/2.pgm;39
resources/fotos/s32/5.pgm;39
resources/fotos/s32/10.pgm;39
resources/fotos/s32/8.pgm;39
resources/fotos/s32/9.pgm;39
resources/fotos/s38/6.pgm;40
resources/fotos/s38/1.pgm;40
resources/fotos/s38/3.pgm;40
resources/fotos/s38/7.pgm;40
resources/fotos/s38/4.pgm;40
resources/fotos/s38/2.pgm;40
resources/fotos/s38/5.pgm;40
resources/fotos/s38/10.pgm;40
resources/fotos/s38/8.pgm;40
resources/fotos/s38/9.pgm;40
resources/fotos/s1/6.pgm;41
resources/fotos/s1/1.pgm;41
resources/fotos/s1/3.pgm;41
resources/fotos/s1/7.pgm;41
resources/fotos/s1/4.pgm;41
resources/fotos/s1/2.pgm;41
resources/fotos/s1/5.pgm;41
resources/fotos/s1/10.pgm;41
resources/fotos/s1/8.pgm;41
resources/fotos/s1/9.pgm;41
